{
  "project_info": {
    "project_number": "210183918895",
    "project_id": "groofy-laundry-7efef",
    "storage_bucket": "groofy-laundry-7efef.appspot.com"
  },
  "client": [
    {
      "client_info": {
        "mobilesdk_app_id": "1:210183918895:android:d6e6e93773951a6a2b3dda",
        "android_client_info": {
          "package_name": "com.example.groofy_laundry"
        }
      },
      "oauth_client": [
        {
          "client_id": "210183918895-aaj8ksa1hom64k5ecnf21ls4n8ufsqt5.apps.googleusercontent.com",
          "client_type": 3
        }
      ],
      "api_key": [
        {
          "current_key": "AIzaSyAI486b5e7a02E_VXi9h7AsqyHMzuRlfNM"
        }
      ],
      "services": {
        "appinvite_service": {
          "other_platform_oauth_client": [
            {
              "client_id": "210183918895-aaj8ksa1hom64k5ecnf21ls4n8ufsqt5.apps.googleusercontent.com",
              "client_type": 3
            }
          ]
        }
      }
    }
  ],
  "configuration_version": "1"
}